품목코드,품목명,규격,단위,입수량,단가기준수량,최소주문수량,최대주문수량,공급가,부가세,단가_합계,과세여부,마감,마감시간,대분류코드,중분류코드,소분류코드,재고구분,상품상태,센터코드,이미지URL,카테고리,기준납품일
152818,(서울팩토리)블루소다향베이스_1.2kg*8ea/box ,1.2kg*8ea/box ,EA,8,1,1,999999,9000,900,9900,1,D-1,15,10,14,13,2,10,1400,https://order.msfs.co.kr/upload/item/152818.jpg,가공식품,20260815
100153,1883_바닐라 시럽(1L*6ea/BOX),1L/EA,EA,6,1,1,999999,15000,1500,16500,1,D-1,15,10,14,14,2,10,1400,https://order.msfs.co.kr/upload/item/100153.jpg,가공식품,20260815
103034,1883_헤이즐넛 시럽(1L*6ea/BOX),1L/EA,EA,6,1,1,999999,15000,1500,16500,1,D-1,15,10,14,14,2,10,1400,https://order.msfs.co.kr/upload/item/103034.jpg,가공식품,20260815
131432,[에쓰푸드]치킨브레스트_300g*20ea/box,300g/ea,EA,20,1,1,999999,3990,399,4389,1,D-1,15,10,17,10,2,20,1400,https://order.msfs.co.kr/upload/item/131432.jpg,가공식품,20260815
167390,그린트리_배 베이스(1.2kg*6ea/BOX),1.2kg/EA,EA,6,1,1,999999,11200,1120,12320,1,D-1,15,10,14,13,2,10,1400,https://order.msfs.co.kr/upload/item/167390.jpg,가공식품,20260815
168868,그린트리_우베 베이스(1.2kg*6ea/BOX),1.2kg/EA,EA,6,1,1,999999,12500,1250,13750,1,D-1,15,10,14,13,2,10,1400,https://order.msfs.co.kr/upload/item/168868.jpg,가공식품,20260815
122490,꽃샘_꿀 레드 자몽(1kg*8ea/BOX),1kg/EA,EA,8,1,1,999999,6500,650,7150,1,D-1,15,10,14,17,2,10,1400,https://order.msfs.co.kr/upload/item/122490.jpg,가공식품,20260815
122738,꽃샘_꿀 레몬차(1kg*8ea/BOX),1kg/EA,EA,8,1,1,999999,5900,590,6490,1,D-1,15,10,14,17,2,10,1400,https://order.msfs.co.kr/upload/item/122738.jpg,가공식품,20260815
122735,꽃샘_꿀 유자차(1kg*8ea/BOX),1kg/EA,EA,8,1,1,999999,6500,650,7150,1,D-1,15,10,14,17,2,10,1400,https://order.msfs.co.kr/upload/item/122735.jpg,가공식품,20260815
126297,너츠스토리_건조 크랜베리(1kg*10ea/BOX),1kg/EA,EA,10,1,1,999999,9000,900,9900,1,D-1,15,10,19,13,2,10,1400,https://order.msfs.co.kr/upload/item/126297.jpg,가공식품,20260815
127989,대두식품_통팥 앙금 S35M(5kg*2ea/BOX),5kg/EA,EA,2,1,1,999999,17400,1740,19140,1,D-1,15,10,19,13,2,10,1400,https://order.msfs.co.kr/upload/item/127989.jpg,가공식품,20260815
103016,동서_오레오 화이트 크림(100g*24ea/BOX),100g/EA,EA,24,1,1,999999,1300,130,1430,1,D-1,15,10,19,12,2,10,1400,https://order.msfs.co.kr/upload/item/103016.jpg,가공식품,20260815
111631,롯데_칠성 사이다(190ml*30ea/BOX),190ml*30ea/BOX,BOX,1,1,1,999999,13600,1360,14960,1,D-1,15,10,19,10,2,10,1400,https://order.msfs.co.kr/upload/item/111631.jpg,가공식품,20260815
119407,르네_홀그레인 머스타드(820g*6ea/BOX),820g/EA,EA,6,1,1,999999,9000,900,9900,1,D-1,15,10,19,13,2,10,1400,https://order.msfs.co.kr/upload/item/119407.jpg,가공식품,20260815
129428,르씨엘_레몬 후르츠 주스(946ml*12ea/BOX),946ml/EA,EA,12,1,1,999999,3400,340,3740,1,D-1,15,10,15,12,2,10,1400,https://order.msfs.co.kr/upload/item/129428.jpg,가공식품,20260815
133108,리고_땅콩버터 크리미(1kg*6ea/BOX),1kg/EA,EA,6,1,1,999999,9000,900,9900,1,D-1,15,10,10,14,2,10,1400,https://order.msfs.co.kr/upload/item/133108.jpg,가공식품,20260815
100341,리치스_블랙 올리브 슬라이스(405g*24ea/BOX),405g/EA,EA,24,1,1,999999,2200,220,2420,1,D-1,15,10,19,10,2,10,1400,https://order.msfs.co.kr/upload/item/100341.jpg,가공식품,20260815
101248,리치스_슈가 시럽(1.5L*6ea/BOX),1.5L/EA,EA,6,1,1,999999,4500,450,4950,1,D-1,15,10,14,14,2,10,1400,https://order.msfs.co.kr/upload/item/101248.jpg,가공식품,20260815
102200,리치스_통단팥(3kg*6ea/BOX),3kg/EA,EA,6,1,1,999999,9700,970,10670,1,D-1,15,10,19,10,2,10,1400,https://order.msfs.co.kr/upload/item/102200.jpg,가공식품,20260815
100591,리치스_홀 커널 스위트콘(425g*24ea/BOX),425g/EA,EA,24,1,1,999999,1000,100,1100,1,D-1,15,10,19,10,2,10,1400,https://order.msfs.co.kr/upload/item/100591.jpg,가공식품,20260815
100224,립톤_아이스티 복숭아맛(907g*12ea/BOX),907g/EA,EA,12,1,1,999999,8000,800,8800,1,D-1,15,10,15,12,2,10,1400,https://order.msfs.co.kr/upload/item/100224.jpg,가공식품,20260815
113304,매일_두유 99.89%(950ml/EA),950ml/EA,EA,1,1,1,999999,2100,210,2310,1,D-1,15,10,10,18,1,10,1400,https://order.msfs.co.kr/upload/item/113304.jpg,가공식품,20260815
127593,매일_연유(500g*12ea/BOX),500g/EA,EA,12,1,1,999999,4300,0,4300,0,D-1,15,10,10,15,1,10,1400,https://order.msfs.co.kr/upload/item/127593.jpg,가공식품,20260815
103140,매일_우유 바리스타(1L*12ea/BOX),1L/EA,EA,12,1,1,999999,2100,0,2100,0,D-1,15,10,10,10,1,20,1400,https://order.msfs.co.kr/upload/item/103140.jpg,가공식품,20260815
100145,매일_우유 저지방 1%(1L*12ea/BOX),1L/EA,EA,12,1,1,999999,2500,0,2500,0,D-1,15,10,10,10,1,20,1400,https://order.msfs.co.kr/upload/item/100145.jpg,가공식품,20260815
117065,베버시티_후루티 리얼 청포도 에이드(1kg*4ea/BOX),1kg/EA,EA,4,1,1,999999,22000,2200,24200,1,D-1,15,10,14,13,2,20,1400,https://order.msfs.co.kr/upload/item/117065.jpg,가공식품,20260815
136975,베티나르디_다질링 티(1.5g*30티백*10ea/BOX),1.5g*30티백/EA,EA,10,1,1,999999,9300,930,10230,1,D-1,15,10,14,17,2,10,1400,https://order.msfs.co.kr/upload/item/136975.jpg,가공식품,20260815
101945,베티나르디_루이보스 티(1.2g*30티백*20ea/BOX),1.2g*30티백/EA,EA,20,1,1,999999,8000,800,8800,1,D-1,15,10,14,17,2,10,1400,https://order.msfs.co.kr/upload/item/101945.jpg,가공식품,20260815
138206,베티나르디_얼그레이 티(1.5g*30티백*10ea/BOX),1.5g*30티백/EA,EA,10,1,1,999999,8000,800,8800,1,D-1,15,10,14,17,2,10,1400,https://order.msfs.co.kr/upload/item/138206.jpg,가공식품,20260815
120380,베티나르디_잉글리쉬 브렉퍼스트 티(1.5g*30티백*10pk/BOX),1.5g*30티백/PK,PK,10,1,1,999999,8000,800,8800,1,D-1,15,10,14,17,2,10,1400,https://order.msfs.co.kr/upload/item/120380.jpg,가공식품,20260815
160901,베티나르디_자스민 티(1.2g*30티백*10ea/BOX),1.2g*30티백/EA,EA,10,1,1,999999,8000,800,8800,1,D-1,15,10,14,17,2,10,1400,https://order.msfs.co.kr/upload/item/160901.jpg,가공식품,20260815
108021,베티나르디_캐모마일 티(1g*30티백*20ea/BOX),1g*30티백/EA,EA,20,1,1,999999,8000,800,8800,1,D-1,15,10,14,17,2,10,1400,https://order.msfs.co.kr/upload/item/108021.jpg,가공식품,20260815
108024,베티나르디_페퍼민트 티(1g*30티백*20ea/BOX),1g*30티백/EA,EA,20,1,1,999999,8000,800,8800,1,D-1,15,10,14,17,2,10,1400,https://order.msfs.co.kr/upload/item/108024.jpg,가공식품,20260815
166003,비셰프_오리엔탈 소스(2kg*5ea/box),2kg/ea,EA,5,1,1,999999,6900,690,7590,1,D-1,15,10,15,12,2,10,1400,https://order.msfs.co.kr/upload/item/166003.jpg,가공식품,20260815
113084,빅트레인_바닐라빈(1.59kg*5ea/BOX),1.59kg/EA,EA,5,1,1,999999,32000,3200,35200,1,D-1,15,10,14,12,2,10,1400,https://order.msfs.co.kr/upload/item/113084.jpg,가공식품,20260815
156309,서울팩토리_제로 티 베이스 납작복숭아 망고향(1.2kg*8ea/BOX),1.2kg/EA,EA,8,1,1,999999,10700,1070,11770,1,D-1,15,10,14,13,2,10,1400,https://order.msfs.co.kr/upload/item/156309.jpg,가공식품,20260815
156310,서울팩토리_제로 티 베이스 캐모마일 사과향(1.2kg*8ea/BOX),1.2kg/EA,EA,8,1,1,999999,12000,1200,13200,1,D-1,15,10,14,13,2,10,1400,https://order.msfs.co.kr/upload/item/156310.jpg,가공식품,20260815
141550,선인_바질 페스토(1kg*10ea/BOX),1kg/EA,EA,10,1,1,999999,19500,1950,21450,1,D-1,15,10,15,13,2,30,1400,https://order.msfs.co.kr/upload/item/141550.jpg,가공식품,20260815
168977,선진_그릴에 구워먹는 치킨토핑(1kg*10ea/BOX),1kg/EA,EA,10,1,1,999999,12270,1227,13497,1,D-1,15,10,17,14,2,30,1400,https://order.msfs.co.kr/upload/item/168977.jpg,가공식품,20260815
163619,슈크림크루아상붕어빵_(90g*12ea)/box,(90g*12ea)/box,BOX,1,1,1,999999,20500,2050,22550,1,D-1,15,10,18,15,2,30,1400,https://order.msfs.co.kr/upload/item/163619.jpg,가공식품,20260815
142537,스위트웰_빙수떡(200g*20ea/BOX),200g/EA,EA,20,1,1,999999,1650,165,1815,1,D-1,15,10,18,14,2,10,1400,https://order.msfs.co.kr/upload/item/142537.jpg,가공식품,20260815
151177,스위트웰_잡화청(2kg*9ea/BOX),2kg/EA,EA,9,1,1,999999,6500,650,7150,1,D-1,15,10,19,13,2,10,1400,https://order.msfs.co.kr/upload/item/151177.jpg,가공식품,20260815
117962,스위트컵_레몬 농축액(1.8kg*6ea/BOX),1.8kg/EA,EA,6,1,1,999999,21800,2180,23980,1,D-1,15,10,14,13,2,10,1400,https://order.msfs.co.kr/upload/item/117962.jpg,가공식품,20260815
138191,스위트컵_블루베리 농축액(2kg*6ea/BOX),2kg/EA,EA,6,1,1,999999,28000,2800,30800,1,D-1,15,10,14,13,2,10,1400,https://order.msfs.co.kr/upload/item/138191.jpg,가공식품,20260815
126491,스위트컵_자몽 농축액(1.8kg*6ea/BOX),1.8kg/EA,EA,6,1,1,999999,20800,2080,22880,1,D-1,15,10,14,14,2,10,1400,https://order.msfs.co.kr/upload/item/126491.jpg,가공식품,20260815
155782,스위트컵_찻잎담다 제주 말차(1.2kg*6ea/BOX),1.2kg/EA,EA,6,1,1,999999,18000,1800,19800,1,D-1,15,10,14,15,2,10,1400,https://order.msfs.co.kr/upload/item/155782.jpg,가공식품,20260815
130362,스위트콘스프_800g*10ea/box,800g*10ea/box,EA,10,1,1,999999,15200,1520,16720,1,D-1,15,10,19,13,2,10,1400,https://order.msfs.co.kr/upload/item/130362.jpg,가공식품,20260815
161779,아레스_밀크티 라떼 파우더(500g*20ea/BOX),500g/EA,EA,20,1,1,999999,12000,1200,13200,1,D-1,15,10,13,11,2,10,1400,https://order.msfs.co.kr/upload/item/161779.jpg,가공식품,20260815
108034,아몬드브리즈_오리지널(950ml*10ea/BOX),950ml/EA,EA,10,1,1,999999,2500,250,2750,1,D-1,15,10,10,17,1,20,1400,https://order.msfs.co.kr/upload/item/108034.jpg,가공식품,20260815
129521,아일레스_애플 티(2.5g*25티백*8pk/BOX),2.5g*25티백/PK,PK,8,1,1,999999,10500,1050,11550,1,D-1,15,10,14,17,2,10,1400,https://order.msfs.co.kr/upload/item/129521.jpg,가공식품,20260815
139573,아임요_17곡 파우더(800g*12ea/BOX),800g/EA,EA,12,1,1,999999,4300,430,4730,1,D-1,15,10,14,12,2,10,1400,https://order.msfs.co.kr/upload/item/139573.jpg,가공식품,20260815
137216,아임요_빙수용 콩고물(600g*20ea/BOX),600g/EA,EA,20,1,1,999999,3400,340,3740,1,D-1,15,10,16,10,2,10,1400,https://order.msfs.co.kr/upload/item/137216.jpg,가공식품,20260815
103736,아임요_요거에스 프리미엄 요거트 파우더(1kg*12ea/BOX),1kg/EA,EA,12,1,1,999999,9800,980,10780,1,D-1,15,10,14,12,2,10,1400,https://order.msfs.co.kr/upload/item/103736.jpg,가공식품,20260815
141548,아임요_흑임자 베이스(1kg*12ea/BOX),1kg/EA,EA,12,1,1,999999,10500,1050,11550,1,D-1,15,10,14,14,2,10,1400,https://order.msfs.co.kr/upload/item/141548.jpg,가공식품,20260815
112411,앤드로스_딸기 리플잼 마개형(1kg*8ea/BOX),1kg/EA,EA,8,1,1,999999,13400,1340,14740,1,D-1,15,10,19,13,2,10,1400,https://order.msfs.co.kr/upload/item/112411.jpg,가공식품,20260815
107168,앤드로스_블루베리 리플잼 마개형(1kg*8ea/BOX),1kg/EA,EA,8,1,1,999999,18000,1800,19800,1,D-1,15,10,14,15,2,10,1400,https://order.msfs.co.kr/upload/item/107168.jpg,가공식품,20260815
143007,어니언베이글2_(110g*6ea)*6pk/box,(110g*6ea)*6pk/box,PK,6,1,1,999999,4200,420,4620,1,D-1,15,10,12,16,2,30,1400,https://order.msfs.co.kr/upload/item/143007.jpg,가공식품,20260815
166041,에쓰푸드_담백한 베이컨 크럼블(300g*20ea/BOX),300g/EA,EA,20,1,1,999999,9250,925,10175,1,D-1,15,10,17,12,2,30,1400,,가공식품,20260815
144552,에쓰푸드_바비큐 풀드 포크(500g*20ea/BOX),500g/EA,EA,20,1,1,999999,11000,1100,12100,1,D-1,15,10,17,17,2,30,1400,https://order.msfs.co.kr/upload/item/144552.jpg,가공식품,20260815
141338,에쓰푸드_잠봉 슬라이스(500g*20ea/BOX),500g/EA,EA,20,1,1,999999,13230,1323,14553,1,D-1,15,10,17,10,2,30,1400,https://order.msfs.co.kr/upload/item/141338.jpg,가공식품,20260815
136447,엠디에스_계란 듬뿍 샐러드(1kg*10ea/BOX),1kg/EA,EA,10,1,1,999999,9500,950,10450,1,D-1,15,10,19,13,2,20,1400,https://order.msfs.co.kr/upload/item/136447.jpg,가공식품,20260815
104334,오뚜기_고소한 골드 마요네스(팩_3.2kg*4ea/BOX),3.2kg/EA,EA,4,1,1,999999,14000,1400,15400,1,D-1,15,10,15,12,2,10,1400,https://order.msfs.co.kr/upload/item/104334.jpg,가공식품,20260815
156147,오뚜기_순후추(150g*20ea/BOX),150g/EA,EA,20,1,1,999999,7500,0,7500,0,D-1,15,10,16,10,2,10,1400,https://order.msfs.co.kr/upload/item/156147.jpg,가공식품,20260815
151488,우리_꽃소금(3kg*7ea/BOX),3kg/EA,EA,7,1,1,999999,4500,450,4950,1,D-1,15,10,15,11,2,10,1400,https://order.msfs.co.kr/upload/item/151488.jpg,가공식품,20260815
150525,죠리퐁(크라운제과)_138g*12ea/box,138g*12ea/box,EA,12,1,1,999999,1800,180,1980,1,D-1,15,10,19,13,2,10,1400,https://order.msfs.co.kr/upload/item/150525.jpg,가공식품,20260815
150224,쥬피터_제로슈가 시럽(1.5L*6ea/BOX),1.5L/EA,EA,6,1,1,999999,16000,1600,17600,1,D-1,15,10,14,14,2,10,1400,https://order.msfs.co.kr/upload/item/150224.jpg,가공식품,20260815
143005,치즈베이글_(120g*6ea)*6pk/box,(120g*6ea)*6pk/box,PK,6,1,1,999999,4650,465,5115,1,D-1,15,10,12,16,2,30,1400,https://order.msfs.co.kr/upload/item/143005.jpg,가공식품,20260815
165796,카란디니_발사믹 크림(500ml*12ea/BOX),500ml/EA,EA,12,1,1,999999,8300,830,9130,1,D-1,15,10,15,12,2,10,1400,https://order.msfs.co.kr/upload/item/165796.jpg,가공식품,20260815
157445,켈로그_리얼 그래놀라 오리지널(400g*15ea/BOX),400g/EA,EA,15,1,1,999999,7000,700,7700,1,D-1,15,10,19,13,2,10,1400,https://order.msfs.co.kr/upload/item/157445.jpg,가공식품,20260815
109268,큐원_갈색 설탕(3kg*8ea/BOX),3kg/EA,EA,8,1,1,999999,6000,600,6600,1,D-1,15,10,15,12,2,10,1400,https://order.msfs.co.kr/upload/item/109268.jpg,가공식품,20260815
109267,큐원_하얀 설탕(1kg*20ea/BOX),1kg/EA,EA,20,1,1,999999,2000,200,2200,1,D-1,15,10,15,12,2,10,1400,https://order.msfs.co.kr/upload/item/109267.jpg,가공식품,20260815
148641,큐팜스_시나몬 파우더(180g*12ea/BOX),180g/EA,EA,12,1,1,999999,5300,530,5830,1,D-1,15,10,14,12,2,10,1400,https://order.msfs.co.kr/upload/item/148641.jpg,가공식품,20260815
157941,크래미H(한성)_1kg*10ea/BOX,1kg*10ea/BOX,EA,10,1,1,999999,6800,680,7480,1,D-1,15,10,12,11,2,30,1400,https://order.msfs.co.kr/upload/item/157941.jpg,가공식품,20260815
145033,타코_꿀밤이달달라떼_870g*12EA/BOX,870g*12EA/BOX,EA,12,1,1,999999,12500,1250,13750,1,D-1,15,10,14,12,2,10,1400,https://order.msfs.co.kr/upload/item/145033.jpg,가공식품,20260815
136680,트레비_플레인 탄산수(190ml*30ea/BOX),190ml*30ea/BOX,BOX,1,1,1,999999,11000,1100,12100,1,D-1,15,10,19,12,2,10,1400,https://order.msfs.co.kr/upload/item/136680.jpg,가공식품,20260815
152885,페스츄리호두과자(슈크림)_(23g*30ea)*8pk/box,(23g*30ea)*8pk/box,PK,8,1,1,999999,13000,1300,14300,1,D-1,15,10,12,16,2,30,1400,https://order.msfs.co.kr/upload/item/152885.jpg,가공식품,20260815
101379,포모나_딸기 스무디(2kg*6ea/BOX),2kg/EA,EA,6,1,1,999999,9000,900,9900,1,D-1,15,10,14,13,2,10,1400,https://order.msfs.co.kr/upload/item/101379.jpg,가공식품,20260815
109355,포모나_메이플 시럽(1L*6ea/BOX),1L/EA,EA,6,1,1,999999,12200,1220,13420,1,D-1,15,10,14,14,2,10,1400,https://order.msfs.co.kr/upload/item/109355.jpg,가공식품,20260815
136903,포모나_믹솔로지 히비스커스 펀치 시럽(1L*6ea/BOX),1L/EA,EA,6,1,1,999999,15000,1500,16500,1,D-1,15,10,14,14,2,10,1400,https://order.msfs.co.kr/upload/item/136903.jpg,가공식품,20260815
162609,포모나_민트 코코렛 파우더(800g*12ea/BOX),800g/EA,EA,12,1,1,999999,11000,1100,12100,1,D-1,15,10,14,12,2,10,1400,https://order.msfs.co.kr/upload/item/162609.jpg,가공식품,20260815
103039,포모나_바닐라 파우더(1kg*12ea/BOX),1kg/EA,EA,12,1,1,999999,14200,1420,15620,1,D-1,15,10,14,12,2,10,1400,https://order.msfs.co.kr/upload/item/103039.jpg,가공식품,20260815
109528,포모나_바닐라향 시럽(1L*6ea/BOX),1L/EA,EA,6,1,1,999999,11700,1170,12870,1,D-1,15,10,14,14,2,10,1400,https://order.msfs.co.kr/upload/item/109528.jpg,가공식품,20260815
167164,포모나_제주 봄빛 말차 파우더(500g*12ea/BOX),500g/EA,EA,12,1,1,999999,8500,850,9350,1,D-1,15,10,14,12,2,10,1400,https://order.msfs.co.kr/upload/item/167164.jpg,가공식품,20260815
138079,포모나_청포도 톡톡 베이스(1.2kg*9ea/BOX),1.2kg/EA,EA,9,1,1,999999,12500,1250,13750,1,D-1,15,10,14,13,2,10,1400,https://order.msfs.co.kr/upload/item/138079.jpg,가공식품,20260815
101375,포모나_코코렛 소스(2kg*6ea/BOX),2kg/EA,EA,6,1,1,999999,13000,1300,14300,1,D-1,15,10,14,15,2,10,1400,https://order.msfs.co.kr/upload/item/101375.jpg,가공식품,20260815
117193,포모나_코코렛 파우더(800g*12ea/BOX),800g/EA,EA,12,1,1,999999,7100,710,7810,1,D-1,15,10,14,12,2,10,1400,https://order.msfs.co.kr/upload/item/117193.jpg,가공식품,20260815
121494,포모나_키위 스무디(2kg*6ea/BOX),2kg/EA,EA,6,1,1,999999,9000,900,9900,1,D-1,15,10,14,13,2,10,1400,https://order.msfs.co.kr/upload/item/121494.jpg,가공식품,20260815
109886,포모나_헤이즐넛향 시럽(1L*6ea/BOX),1L/EA,EA,6,1,1,999999,12000,1200,13200,1,D-1,15,10,14,14,2,10,1400,https://order.msfs.co.kr/upload/item/109886.jpg,가공식품,20260815
143006,플레인베이글B_(110g*6ea)*6pk/box,(110g*6ea)*6pk/box,PK,6,1,1,999999,3700,370,4070,1,D-1,15,10,12,16,2,30,1400,https://order.msfs.co.kr/upload/item/143006.jpg,가공식품,20260815
150013,후루티_애플망고스무디(세미)_1.8kg*6ea/box ,1.8kg*6ea/box ,EA,6,1,1,999999,14500,1450,15950,1,D-1,15,10,14,13,2,10,1400,https://order.msfs.co.kr/upload/item/150013.jpg,가공식품,20260815
151173,새롬_슈가 파우더(500g*30ea/BOX),500g/EA,EA,30,1,1,999999,2000,200,2200,1,D-1,15,11,11,14,2,10,1400,https://order.msfs.co.kr/upload/item/151173.jpg,가루류,20260815
130671,푸드림_하얀 설탕(3kg*8ea/BOX),3kg/EA,EA,8,1,1,999999,4860,486,5346,1,D-1,15,11,11,11,2,10,1400,https://order.msfs.co.kr/upload/item/130671.jpg,가루류,20260815
150646,깐양파(국내산)_1kg내외/pk,1kg내외/pk,PK,1,1,1,999999,3086,0,3086,0,D-1,15,20,12,10,1,20,1400,https://order.msfs.co.kr/upload/item/150646.jpg,농산물,20260815
125466,너츠스토리_볶은 캐슈넛(1kg*10ea/BOX),1kg/EA,EA,10,1,1,999999,16000,1600,17600,1,D-1,15,20,11,10,2,10,1400,https://order.msfs.co.kr/upload/item/125466.jpg,농산물,20260815
111819,너츠스토리_볶음 땅콩 분태(1kg*10ea/BOX),1kg/EA,EA,10,1,1,999999,6300,630,6930,1,D-1,15,20,11,10,2,10,1400,https://order.msfs.co.kr/upload/item/111819.jpg,농산물,20260815
139245,뉴뜨레_냉동 가당 딸기S(중국산_1kg*15ea/BOX),1kg/EA,EA,15,1,1,999999,4500,450,4950,1,D-1,15,20,10,11,2,30,1400,https://order.msfs.co.kr/upload/item/139245.jpg,농산물,20260815
169074,더 맛있는 수박주스(1kg*10ea/BOX),1kg/EA,EA,10,1,1,999999,6200,620,6820,1,D-1,15,20,10,11,2,30,1400,https://order.msfs.co.kr/upload/item/169074.jpg,농산물,20260815
150407,마당발_냉동 대파 중국산(1kg*10ea/BOX),1kg/EA,EA,10,1,1,999999,2140,0,2140,0,D-1,15,20,13,12,2,30,1400,https://order.msfs.co.kr/upload/item/150407.jpg,농산물,20260815
156302,수박(국내산)_(10kg내외)_2ea/box,(10kg내외)_2ea/box,BOX,1,1,1,999999,51220,0,51220,0,D-1,15,20,10,12,1,20,1400,https://order.msfs.co.kr/upload/item/156302.jpg,농산물,20260815
151831,수박(국내산)_7kg내외/ea,7kg내외/ea,EA,1,1,1,999999,26220,0,26220,0,D-1,15,20,10,12,1,20,1400,https://order.msfs.co.kr/upload/item/151831.jpg,농산물,20260815
150732,양상추(겉잎제거/국내산)_300g내외/ea,300g내외/ea,EA,1,1,1,999999,3692,0,3692,0,D-1,15,20,12,10,1,20,1400,https://order.msfs.co.kr/upload/item/150732.jpg,농산물,20260815
150733,양상추(겉잎제거/원산지:별도표기)_300g내외/ea,300g내외/ea,EA,1,1,1,999999,3215,0,3215,0,D-1,15,20,12,10,1,20,1400,https://order.msfs.co.kr/upload/item/150733.jpg,농산물,20260815
150778,완숙토마토(3번~4번과/국내산)_1kg내외/pk,1kg내외/pk,PK,1,1,1,999999,2960,0,2960,0,D-1,15,20,12,10,1,20,1400,https://order.msfs.co.kr/upload/item/150778.jpg,농산물,20260815
150824,청상추(국내산)_100g내외/pk,100g내외/pk,PK,1,1,1,999999,1582,0,1582,0,D-1,15,20,12,10,1,20,1400,https://order.msfs.co.kr/upload/item/150824.jpg,농산물,20260815
143637,타코_건조 과일 레몬(25g*20ea/BOX),25g/EA,EA,20,1,1,999999,5500,550,6050,1,D-1,15,20,10,13,2,10,1400,https://order.msfs.co.kr/upload/item/143637.jpg,농산물,20260815
149086,매일_휘핑 크림 22% 식물성 지방(1L*10ea/BOX),1L/EA,EA,10,1,1,999999,3400,340,3740,1,D-1,15,31,11,14,1,20,1400,https://order.msfs.co.kr/upload/item/149086.jpg,유제품,20260815
125372,서울우유_체다 슬라이스 치즈 1800 멀티2(1.8kg*4ea/BOX),1.8kg/EA,EA,4,1,1,999999,17500,1750,19250,1,D-1,15,31,12,10,2,20,1400,https://order.msfs.co.kr/upload/item/125372.jpg,유제품,20260815
148494,선인_고다 슬라이스(1.2mm_500g*8ea/BOX),500g/EA,EA,8,1,1,999999,9240,924,10164,1,D-1,15,31,12,10,2,20,1400,https://order.msfs.co.kr/upload/item/148494.jpg,유제품,20260815
132709,엘르앤비르_고메 버터(500g*8ea/BOX),500g/EA,EA,8,1,1,999999,12000,1200,13200,1,D-1,15,31,10,13,2,30,1400,https://order.msfs.co.kr/upload/item/132709.jpg,유제품,20260815
169538,프레리팜_크림 치즈(1.361kg*10ea/BOX),1.361kg/EA,EA,10,1,1,999999,12900,1290,14190,1,D-1,15,31,13,12,2,20,1400,https://order.msfs.co.kr/upload/item/169538.jpg,유제품,20260815
148056,플로리프렌치고메버터_500g*16ea/box,500g*16ea/box,EA,16,1,1,999999,10500,1050,11550,1,D-1,15,31,10,13,2,30,1400,https://order.msfs.co.kr/upload/item/148056.jpg,유제품,20260815
160791,말렌카_허니홀케이크 월넛(800g*6ea/BOX),800g/EA,EA,6,1,1,999999,19300,1930,21230,1,D-1,15,41,12,11,2,30,1400,https://order.msfs.co.kr/upload/item/160791.jpg,제과 냉동,20260815
160792,말렌카_허니홀케이크 코코아(800g*6ea/BOX),800g/EA,EA,6,1,1,999999,19300,1930,21230,1,D-1,15,41,12,11,2,30,1400,https://order.msfs.co.kr/upload/item/160792.jpg,제과 냉동,20260815
166455,브라이언_요거트 딸기 코르네(48g*14개입*18pk/BOX),48g*14개입/PK,PK,18,1,1,9999,24000,2400,26400,1,D-1,15,41,13,12,2,30,1400,https://order.msfs.co.kr/upload/item/166455.jpg,제과 냉동,20260815
166456,브라이언_우유 생크림 코르네(42g*14개입*18pk/BOX),42g*14개입/PK,PK,18,1,1,999999,24000,2400,26400,1,D-1,15,41,13,12,2,30,1400,https://order.msfs.co.kr/upload/item/166456.jpg,제과 냉동,20260815
166457,브라이언_초코 크런치 코르네(48g*14개입*18pk/BOX),48g*14개입,PK,18,1,1,9999,24000,2400,26400,1,D-1,15,41,13,12,2,30,1400,https://order.msfs.co.kr/upload/item/166457.jpg,제과 냉동,20260815
165876,서바나도나쓰_오리지널 스틱 1호(1.2kg*8pk/BOX),1.2kg/PK,PK,8,1,1,999999,16300,1630,17930,1,D-1,15,41,14,11,2,30,1400,https://order.msfs.co.kr/upload/item/165876.jpg,제과 냉동,20260815
160269,아임홈팩토리_녹차 케이크(80g*6개입*24pk/BOX),80g*6개입/PK,PK,24,1,1,999999,16000,1600,17600,1,D-1,15,41,12,11,2,30,1400,https://order.msfs.co.kr/upload/item/160269.jpg,제과 냉동,20260815
157382,아임홈팩토리_리얼 레몬 버터바(118g*6개입*20pk/BOX),118g*6개입/PK,PK,20,1,1,999999,15000,1500,16500,1,D-1,15,41,10,13,2,30,1400,https://order.msfs.co.kr/upload/item/157382.jpg,제과 냉동,20260815
153426,아임홈팩토리_클래식 버터바(118g*9개입*16pk/BOX),118g*9개입/PK,PK,16,1,1,999999,22500,2250,24750,1,D-1,15,41,10,13,2,30,1400,https://order.msfs.co.kr/upload/item/153426.jpg,제과 냉동,20260815
153427,아임홈팩토리_황치즈 버터바(118g*9개입*16pk/BOX),118g*9개입/PK,PK,16,1,1,999999,23000,2300,25300,1,D-1,15,41,10,13,2,30,1400,https://order.msfs.co.kr/upload/item/153427.jpg,제과 냉동,20260815
163612,파미유_가또 쇼콜라 케이크(65g*5개입*24pk/BOX),65g*5개입/PK,PK,24,1,1,999999,12000,1200,13200,1,D-1,15,41,12,11,2,30,1400,https://order.msfs.co.kr/upload/item/163612.jpg,제과 냉동,20260815
143794,파미유_뉴 당근 생크림 케이크(100g*6개입*18pk/BOX),100g*6개입/PK,PK,18,1,1,999999,18500,1850,20350,1,D-1,15,41,12,11,2,30,1400,https://order.msfs.co.kr/upload/item/143794.jpg,제과 냉동,20260815
135616,파미유_순수 우유 케이크(120g*5개입*18pk/BOX),120g*5개입/PK,PK,18,1,1,999999,17400,1740,19140,1,D-1,15,41,12,11,2,30,1400,https://order.msfs.co.kr/upload/item/135616.jpg,제과 냉동,20260815
135619,파미유_악마의 초코 케이크(120g*5개입*18pk/BOX),120g*5개입/PK,PK,18,1,1,999999,19000,1900,20900,1,D-1,15,41,12,11,2,30,1400,https://order.msfs.co.kr/upload/item/135619.jpg,제과 냉동,20260815
161786,파미유_치즈케이크(95g*5개입*24pk/BOX),95g*5개입/PK,PK,24,1,1,999999,11500,1150,12650,1,D-1,15,41,12,11,2,30,1400,https://order.msfs.co.kr/upload/item/161786.jpg,제과 냉동,20260815
162423,파미유_티라미수(85g*5개입*24pk/BOX),85g*5개입/PK,PK,24,1,1,999999,11500,1150,12650,1,D-1,15,41,12,11,2,30,1400,https://order.msfs.co.kr/upload/item/162423.jpg,제과 냉동,20260815
145157,1.1L보틀_무지(뚜껑포함)_60ea/box,60ea/box,BOX,1,1,1,999999,52000,5200,57200,1,D-1,15,50,12,10,2,10,1400,https://order.msfs.co.kr/upload/item/145157.jpg,비식품,20260815
143045,PE비닐백(대)_무지(30*16(46)*40)_100ea*11pk/box,100ea*11pk/box,PK,11,1,1,999999,11800,1180,12980,1,D-1,15,50,13,10,2,10,1400,https://order.msfs.co.kr/upload/item/143045.jpg,비식품,20260815
168269,니트릴장갑_중(파랑)_100ea*10pk/box,100ea*10pk/box,PK,10,1,1,999999,0,0,0,1,D-1,15,50,14,10,2,10,1400,,비식품,20260815
160626,"무지 칵테일 냅킨 갈색(20099_8,000ea/BOX)","8,000ea/BOX",BOX,1,1,1,999999,33000,3300,36300,1,D-1,15,50,19,10,2,10,1400,https://order.msfs.co.kr/upload/item/160626.jpg,비식품,20260815
109063,무지비닐봉투_대_조각상자용(35*37.5*10.5)_100ea*10pk/box,100ea/pk,PK,10,1,1,999999,11800,1180,12980,1,D-1,15,50,13,11,2,10,1400,https://order.msfs.co.kr/upload/item/109063.jpg,비식품,20260815
103106,물티슈(무지)_400ea/box,400ea/Box,BOX,1,1,1,999999,10700,1070,11770,1,D-1,15,50,14,10,2,10,1400,https://order.msfs.co.kr/upload/item/103106.jpg,비식품,20260815
138991,버블티 스트로우 12*250mm(개별/투명_200ea*16pk/BOX),200ea/PK,PK,16,1,1,999999,5700,570,6270,1,D-1,15,50,14,10,2,10,1400,https://order.msfs.co.kr/upload/item/138991.jpg,비식품,20260815
143597,비닐 캐리어 1구 무지 0.03*16*27+3(200ea*38pk/BOX),200ea/PK,PK,38,1,1,999999,5800,580,6380,1,D-1,15,50,13,10,2,10,1400,https://order.msfs.co.kr/upload/item/143597.jpg,비식품,20260815
139359,비닐 캐리어 2구 무지 0.03*31.5*27+3(200ea*20pk/BOX),200ea/PK,PK,20,1,1,999999,9300,930,10230,1,D-1,15,50,13,11,2,10,1400,https://order.msfs.co.kr/upload/item/139359.jpg,비식품,20260815
104623,비닐짤주머니(롤)18인치(엘케이)_100ea/pk,100EA/PK,PK,1,1,1,999999,6700,670,7370,1,D-1,15,50,13,11,2,10,1400,https://order.msfs.co.kr/upload/item/104623.jpg,비식품,20260815
169337,원형 원터치용기(소/76*30)(100ea*15pk/box),100ea/pk,PK,15,1,1,999999,5300,530,5830,1,D-1,15,50,12,10,2,10,1400,https://order.msfs.co.kr/upload/item/169337.jpg,비식품,20260815
138907,위생비닐장갑(쉐프/200장)_20pk/box,20pk/box,PK,20,1,1,999999,3500,350,3850,1,D-1,15,50,14,10,2,10,1400,https://order.msfs.co.kr/upload/item/138907.jpg,비식품,20260815
138948,일자 스트로우 7*250mm(개별/투명_500ea*20pk/BOX),500ea/PK,PK,20,1,1,999999,5000,500,5500,1,D-1,15,50,14,10,2,10,1400,https://order.msfs.co.kr/upload/item/138948.jpg,비식품,20260815
162068,일체형정사각펄프용기(B_003/크라프트/150*150*48)_50ea*10pk/box,50ea*10pk/box,PK,10,1,1,999999,5700,570,6270,1,D-1,15,50,19,10,2,10,1400,https://order.msfs.co.kr/upload/item/162068.jpg,비식품,20260815
166928,일회용 포크 흰색 15.5cm 개별 포장(100ea*20pk/BOX),100ea/PK,PK,20,1,1,999999,2400,240,2640,1,D-1,15,50,19,10,2,10,1400,https://order.msfs.co.kr/upload/item/166928.jpg,비식품,20260815
160605,일회용나이프(검정/개별)16.8cm_(22495)_100ea*20pk/Box,100ea*20pk/Box,PK,20,1,1,999999,3500,350,3850,1,D-1,15,50,14,10,2,10,1400,https://order.msfs.co.kr/upload/item/160605.jpg,비식품,20260815
136628,자바라 스트로우 7*250mm(개별/검정_500ea*20pk/BOX),500ea/PK,PK,20,1,1,999999,6200,620,6820,1,D-1,15,50,19,10,2,10,1400,https://order.msfs.co.kr/upload/item/136628.jpg,비식품,20260815
111811,종이컵(무지)_13oz(85파이)_50ea*20pk/box,50ea*20pk/box,BOX,1,1,1,999999,38500,3850,42350,1,D-1,15,50,10,10,2,10,1400,https://order.msfs.co.kr/upload/item/111811.jpg,비식품,20260815
110021,종이컵뚜껑_검정_10/13oz_개폐85파이_1000ea/box,1000ea/box,BOX,1,1,1,999999,25000,2500,27500,1,D-1,15,50,11,14,2,10,1400,https://order.msfs.co.kr/upload/item/110021.jpg,비식품,20260815
169683,직사각펄프PET뚜껑(DRP-1000/220*150*65)(50ea*6pk/box),50ea/pk,PK,6,1,1,999999,5700,570,6270,1,D-1,15,50,14,10,2,10,1400,https://order.msfs.co.kr/upload/item/169683.jpg,비식품,20260815
169684,직사각펄프용기2칸(DRP-1000/220*150*65)(50ea*6pk/box),50ea/pk,PK,6,1,1,999999,9400,940,10340,1,D-1,15,50,14,10,2,10,1400,https://order.msfs.co.kr/upload/item/169684.jpg,비식품,20260815
133641,커피스틱_18cm_(벌크/검정)_1000ea*10pk/box,1000ea*10pk/box,PK,10,1,1,999999,3800,380,4180,1,D-1,15,50,14,10,2,10,1400,https://order.msfs.co.kr/upload/item/133641.jpg,비식품,20260815
102032,컵홀더_무지_10/13oz겸용_1000ea/Box,1000ea/Box,BOX,1,1,1,999999,15000,1500,16500,1,D-1,15,50,10,13,2,10,1400,https://order.msfs.co.kr/upload/item/102032.jpg,비식품,20260815
136916,크라프트_창봉투_小(13*7*23)_100ea*20pk/box,100ea*20pk/box,PK,20,1,1,999999,6600,660,7260,1,D-1,15,50,10,14,2,10,1400,https://order.msfs.co.kr/upload/item/136916.jpg,비식품,20260815
121265,"투명컵 롱개폐 리드 92파이(1,000ea/BOX)","1,000ea/BOX",BOX,1,1,1,999999,21500,2150,23650,1,D-1,15,50,11,13,2,10,1400,https://order.msfs.co.kr/upload/item/121265.jpg,비식품,20260815
111825,"투명컵(무지)_16oz(92파이)_1,000ea/box","1,000ea/box",BOX,1,1,1,999999,63000,6300,69300,1,D-1,15,50,11,12,2,10,1400,https://order.msfs.co.kr/upload/item/111825.jpg,비식품,20260815
147191,투명컵(무지)_20oz(92파이)_1000ea/box,"1,000ea/box",BOX,1,1,1,999999,74000,7400,81400,1,D-1,15,50,11,10,2,10,1400,https://order.msfs.co.kr/upload/item/147191.jpg,비식품,20260815
101383,포모나_소스 펌프(EA),EA,EA,1,1,1,999999,9000,900,9900,1,D-1,15,50,16,11,2,10,1400,https://order.msfs.co.kr/upload/item/101383.jpg,비식품,20260815
152075,"핸드타올(213*200mm/2겹)_5,000ea/box","5,000ea/box",BOX,1,1,1,999999,29500,2950,32450,1,D-1,15,50,14,10,2,10,1400,https://order.msfs.co.kr/upload/item/152075.jpg,비식품,20260815
103783,구스F&B_브라운 치아바타(80g*5개입*10pk/BOX),80g*5개입/PK,PK,10,1,1,999999,4930,493,5423,1,D-1,15,61,18,13,2,30,1400,https://order.msfs.co.kr/upload/item/103783.jpg,제빵 냉동,20260815
146364,대두식품_감자빵(90g*15개입*4pk/BOX),90g*15개입/PK,PK,4,1,1,999999,15700,1570,17270,1,D-1,15,61,13,10,2,30,1400,https://order.msfs.co.kr/upload/item/146364.jpg,제빵 냉동,20260815
146365,대두식품_고구마빵(90g*15개입*4pk/BOX),90g*15개입/PK,PK,4,1,1,999999,14900,1490,16390,1,D-1,15,61,13,10,2,30,1400,https://order.msfs.co.kr/upload/item/146365.jpg,제빵 냉동,20260815
169067,바질 베이글(110g*6개입*6pk/BOX),110g*6개입/PK,PK,6,1,1,999999,4600,460,5060,1,D-1,15,61,14,10,2,30,1400,https://order.msfs.co.kr/upload/item/169067.jpg,제빵 냉동,20260815
142333,버터소금빵_(75g*6ea)*2pk/box,(75g*6ea)*2pk/box,BOX,1,1,1,999999,18500,1850,20350,1,D-1,15,61,14,11,2,30,1400,https://order.msfs.co.kr/upload/item/142333.jpg,제빵 냉동,20260815
169989,브라이언_달콤만쥬(1kg*6ea/BOX),1kg/EA,EA,6,1,1,999999,13300,1330,14630,1,D-1,15,61,13,11,2,30,1400,https://order.msfs.co.kr/upload/item/169989.jpg,제빵 냉동,20260815
146244,블루베리베이글_110g*6ea*6pk/box,110g*6ea*6pk/box,PK,6,1,1,999999,4450,445,4895,1,D-1,15,61,14,10,2,30,1400,https://order.msfs.co.kr/upload/item/146244.jpg,제빵 냉동,20260815
150555,유로베이크_모카번(80g*6개입*8pk/BOX),80g*6개입/PK,PK,8,1,1,999999,7500,750,8250,1,D-1,15,61,16,17,2,30,1400,https://order.msfs.co.kr/upload/item/150555.jpg,제빵 냉동,20260815
169064,초코컬러 베이글(110g*6개입*6pk/BOX),110g*6개입/PK,PK,6,1,1,999999,4210,421,4631,1,D-1,15,61,14,10,2,30,1400,https://order.msfs.co.kr/upload/item/169064.jpg,제빵 냉동,20260815
169018,크랜베리 베이글(110g*6개입*6pk/BOX),110g*6개입/PK,PK,6,1,1,999999,4600,460,5060,1,D-1,17,61,14,10,2,30,1400,https://order.msfs.co.kr/upload/item/169018.jpg,제빵 냉동,20260815
151220,통밀베이글_(110g*6ea)*6pk/box,(110g*6ea)*6pk/box,PK,6,1,1,999999,4100,410,4510,1,D-1,15,61,14,10,2,30,1400,https://order.msfs.co.kr/upload/item/151220.jpg,제빵 냉동,20260815
152887,파이붕어빵(찹쌀떡)_90g*12ea/box,90g*12ea/box,BOX,1,1,1,999999,21850,2185,24035,1,D-1,15,61,13,13,2,30,1400,https://order.msfs.co.kr/upload/item/152887.jpg,제빵 냉동,20260815
152888,파이붕어빵(팥)_90g*12ea/box,90g*12ea/box,BOX,1,1,1,999999,21850,2185,24035,1,D-1,15,61,13,13,2,30,1400,https://order.msfs.co.kr/upload/item/152888.jpg,제빵 냉동,20260815
147927,페스츄리호두과자_20ea*10pk/box,20ea*10pk/box,PK,10,1,1,999999,8500,850,9350,1,D-1,15,61,13,21,2,30,1400,https://order.msfs.co.kr/upload/item/147927.jpg,제빵 냉동,20260815
132955,선인_초콜릿 청크(1kg*10ea/BOX),1kg/EA,EA,10,1,1,999999,19500,1950,21450,1,D-1,15,81,10,15,2,10,1400,https://order.msfs.co.kr/upload/item/132955.jpg,초콜릿,20260815
